Time,X_Kinematics,Y_Kinematics,Z_Kinematics,X_GUI,Y_GUI,Z_GUI
0.00,1820.00,0.00,2170.00,1820.00,0.00,2170.00
0.02,1820.00,0.00,2170.00,1820.00,0.00,2170.00
0.04,1819.99,0.01,2169.99,1820.00,0.01,2170.00
0.06,1819.93,0.15,2169.92,1819.94,0.12,2169.94
0.08,1819.50,1.03,2169.47,1819.64,0.75,2169.61
0.10,1818.94,2.20,2168.86,1819.15,1.75,2169.09
0.12,1818.05,4.02,2167.92,1818.33,3.45,2168.22
0.14,1816.42,7.36,2166.18,1816.42,7.36,2166.18
0.16,1813.98,12.29,2163.59,1814.58,11.09,2164.22
0.18,1811.18,17.87,2160.63,1814.58,11.09,2164.22
0.20,1808.20,23.72,2157.49,1809.26,21.65,2158.61
0.22,1805.05,29.83,2154.19,1806.13,27.74,2155.32
0.24,1801.56,36.47,2150.54,1802.54,34.61,2151.56
0.26,1797.60,43.87,2146.43,1802.54,34.61,2151.56
0.28,1793.32,51.71,2142.00,1794.75,49.10,2143.48
0.30,1788.30,60.73,2136.83,1794.75,49.10,2143.48
0.32,1785.66,65.37,2134.13,1786.74,63.48,2135.23
0.34,1781.23,73.07,2129.60,1786.74,63.48,2135.23
0.36,1777.15,80.02,2125.44,1778.55,77.65,2126.86
0.38,1773.03,86.92,2121.25,1774.44,84.57,2122.69
0.40,1768.97,93.60,2117.14,1770.19,91.60,2118.38
0.42,1764.67,100.56,2112.80,1770.19,91.60,2118.38
0.44,1760.22,107.62,2108.32,1761.67,105.33,2109.78
0.46,1756.04,114.14,2104.12,1757.40,112.03,2105.49
0.48,1751.73,120.77,2099.79,1752.99,118.83,2101.06
0.50,1747.27,127.50,2095.33,1752.99,118.83,2101.06
0.52,1742.77,134.17,2090.84,1744.27,131.95,2092.34
0.54,1738.34,140.62,2086.42,1739.75,138.59,2087.82
0.56,1731.69,150.13,2079.79,1733.33,147.80,2081.43
0.58,1727.28,156.29,2075.41,1728.72,154.30,2076.83
0.60,1722.84,162.41,2071.00,1724.07,160.73,2072.21
0.62,1717.93,169.07,2066.11,1724.07,160.73,2072.21
0.64,1713.31,175.22,2061.53,1714.89,173.12,2063.10
0.66,1708.66,181.31,2056.91,1710.25,179.24,2058.49
0.68,1704.20,187.06,2052.50,1705.57,185.29,2053.86
0.70,1699.37,193.18,2047.71,1705.57,185.29,2053.86
0.72,1694.51,199.26,2042.88,1696.02,197.38,2044.38
0.74,1689.73,205.12,2038.15,1691.25,203.27,2039.65
0.76,1685.04,210.79,2033.49,1686.45,209.09,2034.89
0.78,1680.32,216.40,2028.81,1681.62,214.87,2030.10
0.80,1675.21,222.38,2023.74,1681.62,214.87,2030.10
0.82,1670.44,227.88,2019.00,1671.87,226.24,2020.43
0.84,1665.63,233.33,2014.22,1667.07,231.70,2015.66
0.86,1660.68,238.85,2009.30,1662.01,237.38,2010.62
0.88,1655.21,244.86,2003.85,1662.01,237.38,2010.62
0.90,1650.32,250.13,1998.98,1652.03,248.29,2000.69
0.92,1645.53,255.22,1994.20,1647.01,253.66,1995.67
0.94,1640.47,260.52,1989.14,1641.95,258.98,1990.63
0.96,1635.12,266.02,1983.80,1641.95,258.98,1990.63
0.98,1629.88,271.32,1978.55,1631.76,269.43,1980.43
1.00,1624.99,276.19,1973.65,1626.63,274.58,1975.28
1.02,1619.96,281.14,1968.58,1621.47,279.66,1970.11
1.04,1614.51,286.39,1963.11,1621.47,279.66,1970.11
1.06,1609.43,291.22,1957.98,1611.21,289.54,1959.78
1.08,1603.93,296.35,1952.43,1605.59,294.81,1954.11
1.10,1596.10,303.52,1944.49,1598.03,301.77,1946.45
1.12,1591.19,307.93,1939.51,1592.87,306.43,1941.22
1.14,1586.00,312.51,1934.24,1587.56,311.14,1935.83
1.16,1580.67,317.15,1928.80,1587.56,311.14,1935.83
1.18,1575.04,321.95,1923.06,1576.75,320.51,1924.80
1.20,1569.53,326.59,1917.41,1571.24,325.16,1919.16
1.22,1561.48,333.21,1909.15,1563.33,331.70,1911.05
1.24,1556.18,337.48,1903.69,1557.91,336.10,1905.47
1.26,1550.73,341.80,1898.07,1552.33,340.54,1899.72
1.28,1544.99,346.28,1892.13,1552.33,340.54,1899.72
1.30,1539.37,350.58,1886.29,1541.25,349.15,1888.24
1.32,1534.26,354.43,1880.98,1535.74,353.32,1882.52
1.34,1528.33,358.82,1874.79,1530.22,357.43,1876.76
1.36,1522.78,362.86,1868.99,1530.22,357.43,1876.76
1.38,1516.81,367.12,1862.73,1518.99,365.58,1865.01
1.40,1511.37,370.94,1857.00,1513.27,369.61,1859.00
1.42,1506.04,374.62,1851.38,1507.82,373.40,1853.26
1.44,1500.42,378.43,1845.43,1507.82,373.40,1853.26
1.46,1494.38,382.45,1839.02,1496.44,381.09,1841.21
1.48,1488.59,386.23,1832.87,1490.52,384.98,1834.92
1.50,1480.44,391.44,1824.16,1482.51,390.13,1826.38
1.52,1474.75,394.99,1818.06,1476.69,393.78,1820.15
1.54,1469.33,398.32,1812.23,1471.00,397.30,1814.03
1.56,1463.05,402.09,1805.46,1471.00,397.30,1814.03
1.58,1456.76,405.80,1798.66,1459.28,404.33,1801.39
1.60,1444.84,412.62,1785.69,1453.12,407.91,1794.70
1.62,1441.60,414.43,1782.15,1443.99,413.09,1784.77
1.64,1434.41,418.37,1774.28,1443.99,413.09,1784.77
1.66,1428.89,421.32,1768.22,1431.01,420.19,1770.55
1.68,1422.65,424.60,1761.34,1425.20,423.27,1764.16
1.70,1417.68,427.16,1755.84,1419.53,426.21,1757.89
1.72,1411.70,430.17,1749.22,1419.53,426.21,1757.89
1.74,1405.86,433.06,1742.71,1408.00,432.01,1745.09
1.76,1399.71,436.04,1735.85,1401.86,435.01,1738.25
1.78,1391.12,440.09,1726.22,1393.41,439.02,1728.80
1.80,1385.38,442.72,1719.76,1387.39,441.80,1722.02
1.82,1379.77,445.24,1713.43,1381.49,444.47,1715.38
1.84,1373.57,447.96,1706.41,1381.49,444.47,1715.38
1.86,1367.37,450.62,1699.36,1369.68,449.64,1701.98
1.88,1361.44,453.10,1692.60,1363.46,452.26,1694.91
1.90,1352.74,456.64,1682.64,1354.92,455.77,1685.14
1.92,1346.64,459.05,1675.63,1348.97,458.14,1678.31
1.94,1341.12,461.18,1669.26,1343.16,460.40,1671.61
1.96,1334.71,463.58,1661.85,1343.16,460.40,1671.61
1.98,1328.73,465.77,1654.91,1331.07,464.92,1657.62
2.00,1322.75,467.91,1647.94,1325.08,467.08,1650.66
2.02,1316.90,469.94,1641.10,1319.24,469.13,1643.84
2.04,1310.75,472.02,1633.89,1313.24,471.19,1636.82
2.06,1304.15,474.19,1626.13,1304.29,474.14,1626.30
2.08,1295.92,476.80,1616.42,1304.29,474.14,1626.30
2.10,1290.04,478.60,1609.44,1292.39,477.89,1612.24
2.12,1283.85,480.45,1602.09,1285.92,479.84,1604.55
2.14,1275.15,482.94,1591.70,1277.36,482.32,1594.35
2.16,1269.10,484.61,1584.44,1271.31,484.01,1587.10
2.18,1263.04,486.23,1577.16,1265.10,485.69,1579.65
2.20,1257.12,487.76,1570.02,1265.10,485.69,1579.65
2.22,1250.89,489.32,1562.49,1253.12,488.77,1565.18
2.24,1244.62,490.83,1554.87,1246.59,490.36,1557.27
2.26,1235.79,492.86,1544.11,1237.97,492.37,1546.78
2.28,1230.09,494.12,1537.14,1231.92,493.72,1539.37
2.30,1224.83,495.24,1530.69,1226.55,494.88,1532.79
2.32,1219.49,496.33,1524.12,1226.55,494.88,1532.79
2.34,1214.78,497.27,1518.31,1216.34,496.96,1520.24
2.36,1210.93,498.01,1513.56,1212.21,497.76,1515.14
2.38,1206.91,498.76,1508.57,1207.79,498.60,1509.67
2.40,1205.21,499.07,1506.47,1205.79,498.96,1507.19
2.42,1204.05,499.28,1505.03,1204.39,499.22,1505.46
2.44,1203.33,499.41,1504.14,1204.39,499.22,1505.46
2.46,1202.99,499.47,1503.72,1203.08,499.45,1503.83
2.48,1202.90,499.49,1503.60,1202.92,499.48,1503.62
2.50,1202.90,499.49,1503.60,1202.90,499.49,1503.60
2.52,1202.90,499.54,1503.60,1202.90,499.51,1503.61
2.54,1202.90,499.69,1503.60,1202.90,499.63,1503.61
2.56,1202.90,500.05,1503.60,1202.90,499.63,1503.61
2.58,1202.89,500.68,1503.60,1202.89,500.45,1503.60
2.60,1202.89,501.62,1503.59,1202.89,501.25,1503.59
2.62,1202.88,502.91,1503.58,1202.88,502.48,1503.58
2.64,1202.87,504.90,1503.57,1202.88,502.48,1503.58
2.66,1202.86,507.34,1503.55,1202.86,506.40,1503.55
2.68,1202.84,510.18,1503.53,1202.84,509.09,1503.54
2.70,1202.82,513.73,1503.50,1202.83,512.52,1503.59
2.72,1202.79,518.05,1503.47,1202.83,512.52,1503.59
2.74,1202.76,523.50,1503.43,1202.77,521.55,1503.45
2.76,1202.73,529.08,1503.39,1202.68,527.19,1503.41
2.78,1202.69,535.35,1503.35,1202.71,533.15,1503.36
2.80,1202.65,542.62,1503.29,1202.71,533.15,1503.36
2.82,1202.61,549.64,1503.24,1202.55,546.95,1503.26
2.84,1202.56,557.56,1503.19,1202.58,554.76,1503.21
2.86,1202.50,568.90,1503.10,1202.52,565.78,1503.13
2.88,1202.45,576.79,1503.05,1202.47,574.02,1503.07
2.90,1202.41,584.79,1502.99,1202.42,582.19,1503.01
2.92,1202.36,593.49,1502.93,1202.42,582.19,1503.01
2.94,1202.31,601.92,1502.87,1202.30,598.49,1503.23
2.96,1202.26,610.36,1502.81,1202.20,607.50,1502.83
2.98,1202.21,619.40,1502.74,1202.21,619.00,1502.74
3.00,1202.11,635.88,1502.62,1202.16,627.24,1502.68
3.02,1202.07,643.11,1502.57,1202.09,639.49,1502.60
3.04,1202.02,650.74,1502.52,1202.12,647.75,1502.68
3.06,1201.98,658.77,1502.46,1201.99,655.96,1502.48
3.08,1201.93,667.42,1502.40,1201.99,655.96,1502.48
3.10,1201.88,675.45,1502.34,1201.90,672.41,1502.74
3.12,1201.83,683.89,1502.28,1201.78,680.59,1502.30
3.14,1201.79,691.72,1502.22,1201.90,688.73,1502.38
3.16,1201.74,700.36,1502.16,1201.90,688.73,1502.38
3.18,1201.69,708.80,1502.10,1201.71,705.18,1502.12
3.20,1201.64,717.24,1502.04,1201.66,714.02,1502.06
3.22,1201.57,729.09,1501.95,1201.70,725.90,1502.10
3.24,1201.52,737.12,1501.89,1201.55,734.06,1502.31
3.26,1201.45,749.38,1501.80,1201.47,745.96,1501.83
3.28,1201.41,757.41,1501.75,1201.42,754.40,1501.77
3.30,1201.36,765.65,1501.69,1201.38,762.63,1501.71
3.32,1201.31,774.49,1501.62,1201.38,762.63,1501.71
3.34,1201.26,783.33,1501.56,1201.28,779.31,1501.59
3.36,1201.21,791.17,1501.50,1201.23,787.35,1501.53
3.38,1201.16,799.20,1501.45,1201.19,795.38,1501.47
3.40,1201.12,807.04,1501.39,1201.19,795.38,1501.47
3.42,1201.07,814.87,1501.33,1201.17,811.58,1501.41
3.44,1201.02,823.91,1501.27,1201.04,819.89,1501.30
3.46,1200.97,832.14,1501.21,1200.98,831.74,1501.21
3.48,1200.91,842.79,1501.13,1200.93,839.98,1501.15
3.50,1200.84,855.04,1501.04,1200.86,852.03,1501.07
3.52,1200.79,863.48,1500.98,1200.81,860.67,1501.00
3.54,1200.72,875.14,1500.90,1200.78,872.25,1501.31
3.56,1200.67,883.77,1500.84,1200.69,880.96,1500.86
3.58,1200.61,895.23,1500.75,1200.62,892.21,1500.78
3.60,1200.55,905.07,1500.68,1200.72,902.06,1500.75
3.62,1200.49,915.42,1500.61,1200.55,912.33,1501.01
3.64,1200.44,923.60,1500.55,1200.46,920.62,1500.57
3.66,1200.38,935.14,1500.47,1200.39,932.24,1500.49
3.68,1200.33,942.72,1500.41,1200.35,940.09,1500.43
3.70,1200.27,953.54,1500.33,1200.28,950.91,1500.35
3.72,1200.23,960.31,1500.29,1200.24,957.98,1500.30
3.74,1200.17,970.05,1500.22,1200.19,967.54,1500.23
3.76,1200.14,975.30,1500.18,1200.15,973.29,1500.19
3.78,1200.11,980.92,1500.14,1200.12,978.82,1500.15
3.80,1200.08,985.67,1500.10,1200.12,978.82,1500.15
3.82,1200.07,988.65,1500.08,1200.07,987.18,1500.09
3.84,1200.05,991.34,1500.06,1200.06,990.35,1500.07
3.86,1200.04,993.67,1500.05,1200.04,992.83,1500.05
3.88,1200.03,994.86,1500.04,1200.03,994.82,1500.04
3.90,1200.02,996.82,1500.02,1200.03,996.31,1500.08
3.92,1200.01,997.80,1500.02,1200.01,997.49,1500.02
3.94,1200.01,998.57,1500.01,1200.01,998.40,1500.01
3.96,1200.01,998.82,1500.01,1200.01,998.74,1500.02
3.98,1200.01,998.92,1500.01,1200.01,998.90,1500.01
4.00,1200.01,998.96,1500.01,1200.01,998.90,1500.01
4.02,1200.01,998.96,1500.01,1200.01,998.96,1500.01
4.04,1200.09,998.96,1500.01,1200.05,998.96,1500.01
4.06,1200.51,998.96,1500.01,1200.35,998.96,1500.01
4.08,1201.11,998.96,1500.01,1200.85,998.96,1500.01
4.10,1202.08,998.96,1500.01,1201.68,998.96,1500.01
4.12,1203.63,998.97,1500.01,1201.68,998.96,1500.01
4.14,1205.63,998.97,1500.01,1204.73,998.97,1500.01
4.16,1208.25,998.98,1500.01,1207.15,998.97,1500.01
4.18,1213.40,998.99,1500.01,1211.87,998.98,1500.01
4.20,1217.81,999.00,1500.01,1216.06,998.99,1500.01
4.22,1223.03,999.01,1500.01,1221.09,999.00,1500.01
4.24,1229.75,999.02,1500.01,1221.09,999.00,1500.01
4.26,1237.16,999.04,1500.01,1233.96,999.03,1500.01
4.28,1244.33,999.05,1500.01,1241.44,999.05,1500.01
4.30,1252.64,999.07,1500.01,1249.54,999.06,1500.01
4.32,1261.68,999.09,1500.01,1249.54,999.06,1500.01
4.34,1267.27,999.10,1500.01,1267.04,999.10,1500.01
4.36,1280.27,999.13,1500.01,1276.50,999.12,1500.01
4.38,1289.86,999.15,1500.01,1286.00,999.14,1500.01
4.40,1299.61,999.17,1500.01,1295.94,999.16,1500.01
4.42,1310.24,999.19,1500.01,1306.02,999.15,1500.03
4.44,1321.32,999.21,1500.01,1316.15,999.20,1500.01
4.46,1330.18,999.23,1500.01,1326.24,999.22,1500.01
4.48,1340.03,999.25,1500.01,1336.09,999.24,1500.01
4.50,1350.61,999.27,1500.01,1336.09,999.24,1500.01
4.52,1360.95,999.29,1500.01,1356.51,999.28,1500.01
4.54,1370.79,999.31,1500.00,1366.61,999.31,1500.01
4.56,1380.63,999.33,1500.00,1376.94,999.33,1500.00
4.58,1391.22,999.36,1500.00,1376.94,999.33,1500.00
4.60,1401.80,999.38,1500.00,1397.37,999.37,1500.00
4.62,1411.89,999.40,1500.00,1407.71,999.39,1500.00
4.64,1421.73,999.42,1500.00,1417.93,999.50,1499.91
4.66,1432.07,999.44,1500.00,1417.93,999.50,1499.91
4.68,1442.65,999.46,1500.00,1438.47,999.46,1500.00
4.70,1452.00,999.48,1500.00,1448.56,999.48,1500.00
4.72,1462.35,999.51,1500.00,1458.41,999.50,1500.00
4.74,1472.69,999.53,1500.00,1458.41,999.50,1500.00
4.76,1483.02,999.55,1500.00,1478.46,999.52,1499.84
4.78,1493.61,999.57,1500.00,1489.42,999.56,1500.00
4.80,1507.88,999.60,1500.00,1503.51,999.52,1500.06
4.82,1517.73,999.62,1500.00,1513.79,999.61,1500.00
4.84,1527.57,999.64,1500.00,1523.88,999.63,1500.00
4.86,1537.90,999.66,1500.00,1523.88,999.63,1500.00
4.88,1548.73,999.68,1500.00,1544.05,999.67,1500.00
4.90,1558.82,999.71,1500.00,1554.71,999.62,1500.10
4.92,1573.83,999.74,1500.00,1569.40,999.73,1500.00
4.94,1583.68,999.76,1500.00,1579.49,999.75,1500.00
4.96,1593.51,999.78,1500.00,1589.57,999.77,1500.00
4.98,1603.80,999.80,1500.00,1589.57,999.77,1500.00
5.00,1613.96,999.82,1500.00,1609.45,999.71,1500.00
5.02,1623.67,999.84,1500.00,1619.98,999.73,1500.00
5.04,1636.87,999.87,1500.00,1633.30,999.86,1500.00
5.06,1645.51,999.89,1500.00,1642.32,999.88,1500.00
5.08,1653.66,999.90,1500.00,1650.66,999.90,1500.00
5.10,1661.99,999.92,1500.00,1650.66,999.90,1500.00
5.12,1669.38,999.94,1500.00,1666.21,999.93,1500.00
5.14,1675.63,999.95,1500.00,1673.14,999.94,1500.00
5.16,1683.19,999.97,1500.00,1681.11,999.96,1500.00
5.18,1687.23,999.97,1500.00,1685.61,999.97,1500.00
5.20,1690.50,999.98,1500.00,1689.28,999.98,1500.00
5.22,1693.27,999.99,1500.00,1689.28,999.98,1500.00
5.24,1695.30,999.99,1500.00,1694.45,999.99,1500.00
5.26,1696.71,999.99,1500.00,1696.24,999.98,1499.98
5.28,1698.06,1000.00,1500.00,1697.75,999.98,1500.00
5.30,1698.51,1000.00,1500.00,1698.35,999.99,1500.00
5.32,1698.77,1000.00,1500.00,1698.70,1000.00,1500.00
5.34,1698.86,1000.00,1500.00,1698.70,1000.00,1500.00
5.36,1698.87,1000.00,1500.00,1698.87,1000.00,1500.00
5.38,1698.87,999.98,1500.00,1698.87,999.99,1500.00
5.40,1698.87,999.75,1500.00,1698.87,999.85,1500.00
5.42,1698.87,999.33,1500.00,1698.87,999.53,1500.00
5.44,1698.87,998.68,1500.00,1698.87,998.95,1500.00
5.46,1698.88,997.49,1500.00,1698.87,998.95,1500.00
5.48,1698.88,995.80,1500.00,1698.88,996.62,1500.00
5.50,1698.88,993.60,1500.00,1698.88,994.53,1500.00
5.52,1698.89,989.25,1500.00,1698.89,990.66,1500.00
5.54,1698.90,985.61,1500.00,1698.90,987.14,1500.00
5.56,1698.91,981.02,1500.00,1698.91,982.82,1500.00
5.58,1698.93,975.09,1500.00,1698.91,982.82,1500.00
5.60,1698.94,968.05,1500.00,1698.99,971.21,1499.88
5.62,1698.96,960.72,1500.00,1699.03,964.24,1500.00
5.64,1698.98,949.24,1500.00,1698.98,952.97,1500.04
5.66,1699.00,940.24,1500.00,1699.10,943.76,1500.00
5.68,1699.04,926.81,1500.00,1699.03,930.76,1500.00
5.70,1699.06,917.55,1500.00,1699.05,921.15,1500.00
5.72,1699.08,907.83,1500.00,1699.07,911.50,1500.00
5.74,1699.10,897.20,1500.00,1699.07,911.50,1500.00
5.76,1699.13,886.93,1500.00,1699.12,891.23,1500.00
5.78,1699.15,876.21,1500.00,1699.14,881.19,1500.00
5.80,1699.18,861.77,1500.00,1699.17,866.00,1500.00
5.82,1699.21,851.56,1500.00,1699.20,855.54,1500.00
5.84,1699.24,836.61,1500.00,1699.23,840.60,1500.00
5.86,1699.26,826.40,1500.00,1699.25,830.38,1500.00
5.88,1699.29,816.18,1500.00,1699.31,819.63,1500.11
5.90,1699.31,805.47,1500.00,1699.31,819.63,1500.11
5.92,1699.33,794.76,1500.00,1699.32,799.24,1500.00
5.94,1699.35,785.30,1500.00,1699.44,789.03,1499.91
5.96,1699.39,769.86,1500.00,1699.49,774.10,1500.00
5.98,1699.41,760.14,1500.00,1699.44,763.90,1500.09
6.00,1699.43,749.93,1500.00,1699.43,753.67,1500.00
6.02,1699.46,739.22,1500.00,1699.43,753.67,1500.00
6.04,1699.48,728.51,1500.00,1699.47,732.99,1500.00
6.06,1699.51,718.80,1500.00,1699.50,722.78,1500.00
6.08,1699.53,708.83,1500.00,1699.63,712.31,1500.00
6.10,1699.55,698.12,1500.00,1699.63,712.31,1500.00
6.12,1699.58,687.41,1500.00,1699.57,691.64,1500.00
6.14,1699.60,677.44,1500.00,1699.59,681.43,1500.00
6.16,1699.63,662.25,1500.00,1699.62,666.49,1500.00
6.18,1699.66,652.29,1500.00,1699.65,656.27,1500.00
6.20,1699.68,640.59,1500.00,1699.77,641.07,1499.98
6.22,1699.71,626.88,1500.00,1699.80,630.60,1500.00
6.24,1699.74,616.42,1500.00,1699.80,630.60,1500.00
6.26,1699.76,605.76,1500.00,1699.73,620.41,1500.00
6.28,1699.78,595.85,1500.00,1699.77,600.05,1500.00
6.30,1699.80,586.32,1500.00,1699.80,589.96,1500.00
6.32,1699.83,576.51,1500.00,1699.82,580.07,1500.00
6.34,1699.85,566.56,1500.00,1699.82,580.07,1500.00
6.36,1699.87,557.25,1500.00,1699.86,561.18,1500.00
6.38,1699.89,549.28,1500.00,1699.88,552.16,1500.00
6.40,1699.91,541.03,1500.00,1699.90,543.90,1500.00
6.42,1699.92,533.29,1500.00,1699.90,543.90,1500.00
6.44,1699.94,526.53,1500.00,1699.93,529.17,1500.00
6.46,1699.95,521.03,1500.00,1699.95,523.19,1500.00
6.48,1699.96,516.31,1500.00,1699.96,518.00,1500.00
6.50,1699.97,512.07,1500.00,1699.96,518.00,1500.00
6.52,1699.98,508.85,1500.00,1699.98,510.17,1500.00
6.54,1699.99,506.27,1500.00,1699.98,507.17,1500.00
6.56,1699.99,503.67,1500.00,1699.99,504.29,1500.00
6.58,1699.99,502.54,1500.00,1700.00,502.92,1500.00
6.60,1700.00,501.79,1500.00,1700.00,502.03,1500.00
6.62,1700.00,501.33,1500.00,1700.00,502.03,1500.00
6.64,1700.00,501.11,1500.00,1700.00,501.18,1500.00
6.66,1700.00,501.04,1500.00,1700.00,501.06,1500.00
6.68,1700.00,501.03,1500.00,1700.00,501.03,1500.00
6.70,1699.80,501.03,1500.00,1699.90,501.03,1500.00
6.72,1699.47,501.03,1500.00,1699.66,501.03,1500.00
6.74,1698.90,501.03,1500.00,1699.17,501.03,1500.00
6.76,1697.95,501.03,1500.00,1698.34,501.04,1499.94
6.78,1696.46,501.03,1500.00,1698.34,501.04,1499.94
6.80,1694.36,501.02,1500.00,1695.32,501.02,1500.00
6.82,1691.80,501.02,1500.00,1692.90,501.02,1500.00
6.84,1686.74,501.01,1500.00,1688.36,501.01,1500.00
6.86,1682.22,501.00,1500.00,1684.19,501.05,1500.00
6.88,1677.27,500.99,1500.00,1679.33,500.99,1500.00
6.90,1670.55,500.97,1500.00,1679.33,500.99,1500.00
6.92,1663.67,500.96,1500.00,1666.68,500.97,1500.00
6.94,1655.73,500.94,1500.00,1658.64,500.95,1500.00
6.96,1643.30,500.92,1500.00,1646.94,500.92,1500.00
6.98,1634.43,500.90,1500.00,1637.80,500.91,1500.00
7.00,1625.18,500.88,1500.00,1628.69,500.89,1500.00
7.02,1614.90,500.86,1500.00,1628.69,500.89,1500.00
7.04,1604.39,500.84,1500.00,1609.06,500.85,1500.00
7.06,1593.97,500.82,1500.00,1598.20,500.82,1500.00
7.08,1579.21,500.78,1500.00,1583.94,500.79,1500.00
7.10,1569.00,500.76,1500.00,1573.48,500.77,1500.00
7.12,1558.53,500.74,1500.00,1558.78,500.74,1500.00
7.14,1544.34,500.71,1500.00,1548.27,500.74,1499.91
7.16,1534.62,500.69,1500.00,1538.36,500.70,1500.00
7.18,1523.91,500.67,1500.00,1538.36,500.70,1500.00
7.20,1512.70,500.65,1500.00,1517.68,500.66,1500.00
7.22,1503.48,500.63,1500.00,1507.47,500.64,1500.00
7.24,1493.77,500.61,1500.00,1497.51,500.62,1500.00
7.26,1483.06,500.59,1500.00,1497.51,500.62,1500.00
7.28,1472.35,500.56,1500.00,1476.83,500.57,1500.00
7.30,1457.65,500.53,1500.00,1476.83,500.57,1500.00
7.32,1447.19,500.51,1500.00,1451.93,500.52,1500.00
7.34,1437.23,500.49,1500.00,1441.21,500.50,1500.00
7.36,1422.28,500.46,1500.00,1426.27,500.47,1500.00
7.38,1412.07,500.44,1500.00,1416.06,500.45,1500.00
7.40,1402.10,500.42,1500.00,1405.84,500.43,1500.00
7.42,1391.40,500.40,1500.00,1405.84,500.43,1500.00
7.44,1380.44,500.37,1500.00,1385.28,500.46,1499.55
7.46,1371.22,500.35,1500.00,1375.21,500.36,1500.00
7.48,1361.26,500.33,1500.00,1364.86,500.42,1499.55
7.50,1350.30,500.31,1500.00,1364.86,500.42,1499.55
7.52,1340.09,500.29,1500.00,1354.52,500.34,1499.91
7.54,1322.40,500.25,1500.00,1334.11,500.28,1500.00
7.56,1314.18,500.24,1500.00,1319.16,500.25,1500.00
7.58,1304.77,500.22,1500.00,1308.75,500.23,1500.00
7.60,1289.73,500.19,1500.00,1294.14,500.19,1500.00
7.62,1280.32,500.17,1500.00,1284.11,500.30,1500.00
7.64,1270.92,500.15,1500.00,1274.29,500.24,1499.60
7.66,1261.20,500.13,1500.00,1274.29,500.24,1499.60
7.68,1251.97,500.11,1500.00,1255.55,500.14,1499.92
7.70,1243.92,500.09,1500.00,1246.98,500.17,1499.66
7.72,1236.46,500.08,1500.00,1239.18,500.08,1500.00
7.74,1229.34,500.06,1500.00,1239.18,500.08,1500.00
7.76,1222.79,500.05,1500.00,1225.50,500.05,1500.00
7.78,1217.66,500.04,1500.00,1219.64,500.04,1500.00
7.80,1211.73,500.02,1500.00,1213.27,500.03,1500.00
7.82,1208.65,500.02,1500.00,1209.80,500.02,1500.00
7.84,1206.22,500.01,1500.00,1207.06,500.01,1500.00
7.86,1204.26,500.01,1500.00,1207.06,500.01,1500.00
7.88,1202.87,500.01,1500.00,1203.39,500.00,1500.00
7.90,1202.01,500.00,1500.00,1202.31,500.00,1500.00
7.92,1201.31,500.00,1500.00,1201.45,500.01,1500.00
7.94,1201.12,500.00,1500.00,1201.18,500.00,1500.00
7.96,1201.05,500.00,1500.00,1201.07,500.00,1500.00
7.98,1201.05,500.00,1500.00,1201.07,500.00,1500.00
8.00,1201.11,499.99,1500.08,1201.07,500.00,1500.03
8.02,1201.35,499.95,1500.38,1201.23,499.97,1500.23
8.04,1202.35,499.77,1501.62,1201.98,499.84,1501.16
8.06,1203.48,499.57,1503.02,1203.00,499.66,1502.42
8.08,1205.32,499.24,1505.30,1204.61,499.37,1504.43
8.10,1208.10,498.73,1508.75,1204.61,499.37,1504.43
8.12,1211.68,498.06,1513.19,1210.13,498.35,1511.26
8.14,1215.83,497.25,1518.31,1214.20,497.57,1516.30
8.16,1223.13,495.79,1527.31,1221.07,496.21,1524.78
8.18,1228.54,494.65,1533.95,1226.47,495.09,1531.41
8.20,1234.24,493.41,1540.94,1232.22,493.86,1538.47
8.22,1240.71,491.95,1548.84,1232.22,493.86,1538.47
8.24,1247.09,490.45,1556.60,1244.27,491.12,1553.17
8.26,1252.87,489.04,1563.61,1250.64,489.59,1560.92
8.28,1261.75,486.79,1574.34,1259.38,487.40,1571.49
8.30,1267.81,485.18,1581.64,1265.44,485.81,1578.80
8.32,1273.71,483.56,1588.73,1271.65,484.14,1586.26
8.34,1280.20,481.73,1596.50,1271.65,484.14,1586.26
8.36,1286.39,479.93,1603.87,1283.74,480.71,1600.72
8.38,1292.13,478.20,1610.70,1289.92,478.87,1608.07
8.40,1301.24,475.36,1621.48,1298.59,476.20,1618.36
8.42,1306.81,473.56,1628.06,1304.61,474.27,1625.46
8.44,1312.82,471.57,1635.12,1310.77,472.25,1632.71
8.46,1319.11,469.42,1642.49,1310.77,472.25,1632.71
8.48,1325.54,467.16,1650.00,1322.91,468.09,1646.93
8.50,1331.08,465.17,1656.46,1328.89,465.96,1653.91
8.52,1337.78,462.69,1664.23,1337.64,462.74,1664.06
8.54,1345.63,459.69,1673.31,1343.60,460.48,1670.96
8.56,1351.58,457.36,1680.16,1349.55,458.16,1677.82
8.58,1357.81,454.85,1687.31,1349.55,458.16,1677.82
8.60,1364.18,452.22,1694.59,1361.72,453.25,1691.78
8.62,1369.52,449.97,1700.68,1367.35,450.89,1698.21
8.64,1375.43,447.42,1707.39,1373.41,448.29,1705.11
8.66,1381.76,444.62,1714.57,1373.41,448.29,1705.11
8.68,1387.94,441.82,1721.54,1385.50,442.94,1718.79
8.70,1393.53,439.24,1727.83,1391.38,440.24,1725.41
8.72,1399.25,436.53,1734.26,1397.25,437.48,1732.01
8.74,1405.54,433.50,1741.28,1397.25,437.48,1732.01
8.76,1411.52,430.54,1747.95,1408.96,431.82,1745.10
8.78,1417.07,427.75,1754.11,1415.08,428.76,1751.90
8.80,1425.86,423.20,1763.84,1423.45,424.46,1761.18
8.82,1431.52,420.21,1770.08,1429.26,421.41,1767.59
8.84,1437.16,417.15,1776.28,1435.19,418.23,1774.11
8.86,1443.22,413.81,1782.92,1435.19,418.23,1774.11
8.88,1449.26,410.42,1789.51,1446.87,411.77,1786.91
8.90,1454.58,407.36,1795.31,1452.62,408.49,1793.18
8.92,1460.46,403.92,1801.68,1458.36,405.16,1799.41
8.94,1466.46,400.35,1808.17,1458.36,405.16,1799.41
8.96,1480.90,391.45,1823.71,1469.80,398.33,1811.78
8.98,1486.29,388.01,1829.48,1483.94,389.52,1826.97
9.00,1491.80,384.44,1835.36,1489.73,385.79,1833.16
9.02,1497.29,380.82,1841.22,1495.37,382.09,1839.17
9.04,1503.32,376.77,1847.61,1495.37,382.09,1839.17
9.06,1508.92,372.94,1853.54,1506.60,374.53,1851.09
9.08,1514.51,369.05,1859.43,1512.33,370.57,1857.14
9.10,1519.80,365.30,1865.00,1517.90,366.65,1863.01
9.12,1525.62,361.10,1871.11,1517.90,366.65,1863.01
9.14,1531.42,356.85,1877.18,1528.86,358.74,1874.51
9.16,1536.80,352.83,1882.80,1534.79,354.34,1880.70
9.18,1544.97,346.60,1891.30,1542.70,348.35,1888.94
9.20,1550.30,342.45,1896.83,1548.30,344.01,1894.76
9.22,1555.48,338.35,1902.19,1553.62,339.82,1900.27
9.24,1561.44,333.55,1908.34,1553.62,339.82,1900.27
9.26,1566.97,329.01,1914.04,1564.60,330.96,1911.60
9.28,1571.96,324.85,1919.16,1570.00,326.50,1917.14
9.30,1577.46,320.20,1924.79,1575.50,321.87,1922.79
9.32,1585.14,313.57,1932.64,1583.32,315.15,1930.79
9.34,1597.16,302.86,1944.88,1591.23,308.19,1938.85
9.36,1601.52,298.88,1949.31,1598.96,301.23,1946.71
9.38,1606.76,294.02,1954.63,1604.08,296.51,1951.91
9.40,1614.01,287.16,1961.96,1611.73,289.34,1959.65
9.42,1619.58,281.80,1967.57,1617.56,283.76,1965.53
9.44,1626.62,274.87,1974.66,1624.36,277.11,1972.39
9.46,1631.50,269.99,1979.57,1629.75,271.75,1977.81
9.48,1639.08,262.25,1987.17,1636.97,264.42,1985.06
9.50,1643.89,257.23,1992.00,1642.04,259.16,1990.14
9.52,1651.38,249.28,1999.49,1649.30,251.51,1997.40
9.54,1656.13,244.13,2004.23,1654.31,246.11,2002.41
9.56,1663.52,235.97,2011.60,1661.47,238.26,2009.56
9.58,1668.21,230.69,2016.28,1666.41,232.72,2014.48
9.60,1675.49,222.32,2023.53,1673.47,224.66,2021.52
9.62,1680.12,216.90,2028.14,1678.34,218.99,2026.37
9.64,1684.83,211.29,2032.83,1683.07,213.40,2031.07
9.66,1689.75,205.35,2037.72,1683.07,213.40,2031.07
9.68,1694.40,199.63,2042.35,1692.43,202.07,2040.39
9.70,1699.95,192.70,2047.86,1697.18,196.17,2045.11
9.72,1703.51,188.18,2051.40,1701.91,190.22,2049.81
9.74,1708.19,182.16,2056.06,1706.48,184.37,2054.36
9.76,1713.06,175.77,2060.90,1706.48,184.37,2054.36
9.78,1717.79,169.49,2065.60,1715.54,172.49,2063.37
9.80,1722.36,163.29,2070.16,1720.36,166.02,2068.17
9.82,1729.11,153.96,2076.89,1726.80,157.19,2074.58
9.84,1733.17,148.25,2080.94,1731.42,150.72,2079.19
9.86,1737.84,141.55,2085.61,1737.73,141.71,2085.50
9.88,1743.77,132.89,2091.55,1742.05,135.42,2089.83
9.90,1748.04,126.52,2095.83,1746.44,128.92,2094.23
9.92,1752.38,119.95,2100.19,1750.69,122.52,2098.49
9.94,1758.66,110.23,2106.52,1757.00,112.83,2104.84
9.96,1762.39,104.34,2110.28,1761.15,106.31,2109.03
9.98,1766.71,97.42,2114.65,1761.15,106.31,2109.03
10.00,1770.88,90.61,2118.88,1769.36,93.11,2117.34
10.02,1774.91,83.91,2122.99,1773.51,86.26,2121.55
10.04,1778.81,77.34,2126.96,1777.51,79.53,2125.64
10.06,1782.67,70.71,2130.91,1781.48,72.75,2129.70
10.08,1786.88,63.34,2135.24,1785.41,65.92,2133.73
10.10,1791.14,55.75,2139.63,1789.50,58.69,2137.94
10.12,1796.48,46.01,2145.17,1795.07,48.61,2143.70
10.14,1800.51,38.50,2149.37,1799.16,41.03,2147.96
10.16,1805.28,29.43,2154.37,1804.14,31.63,2153.17
10.18,1808.41,23.36,2157.66,1807.53,25.08,2156.73
10.20,1812.27,15.74,2161.75,1811.39,17.48,2160.82
10.22,1814.26,11.75,2163.86,1813.68,12.91,2163.25
10.24,1816.42,7.36,2166.17,1815.97,8.29,2165.68
10.26,1817.28,5.61,2167.09,1817.01,6.16,2166.80
10.28,1817.82,4.50,2167.66,1817.68,4.79,2167.51
10.30,1818.15,3.83,2168.01,1818.07,3.98,2167.93
10.32,1818.30,3.51,2168.18,1818.27,3.58,2168.14
10.34,1818.34,3.44,2168.21,1818.33,3.45,2168.21
10.36,1818.34,3.44,2168.21,1818.34,3.44,2168.21
10.38,1818.34,3.44,2168.21,1818.34,3.44,2168.21
